keyword,title,subreddit,timestamp,post_url,scrape_date,batch_number,source
entry level developer,Is it even possible to get a job as a Entry-Level Web Developer?,r/cscareerquestions,2026-03-10T00:10:31+00:00,https://old.reddit.com/r/cscareerquestions/comments/1rphjgk/is_it_even_possible_to_get_a_job_as_a_entrylevel/,2026-07-01,5,reddit
entry level developer,whats more impressive for an entry level dev?,r/cscareerquestions,2026-04-12T00:43:03+00:00,https://old.reddit.com/r/cscareerquestions/comments/1sizxwj/whats_more_impressive_for_an_entry_level_dev/,2026-07-01,5,reddit
entry level developer,Good entry level companies for tech field?,r/careerguidance,2026-06-19T02:32:03+00:00,https://old.reddit.com/r/careerguidance/comments/1u9pr59/good_entry_level_companies_for_tech_field/,2026-07-01,5,reddit
entry level developer,"Has anyone else noticed that ""entry-level"" software jobs don't feel entry-level anymore?",r/cscareerquestions,2026-05-29T16:53:59+00:00,https://old.reddit.com/r/cscareerquestions/comments/1tr82dw/has_anyone_else_noticed_that_entrylevel_software/,2026-07-01,5,reddit
entry level developer,Best IT/Software companies for entry level?,r/PinoyProgrammer,2022-04-17T23:39:42+00:00,https://old.reddit.com/r/PinoyProgrammer/comments/u5zbyd/best_itsoftware_companies_for_entry_level/,2026-07-01,5,reddit
entry level developer,Entry-level salaries in Canada haven’t moved in 5 years while rent is up 40%.,r/CanadaJobs,2026-04-30T00:38:36+00:00,https://old.reddit.com/r/CanadaJobs/comments/1szgtw0/entrylevel_salaries_in_canada_havent_moved_in_5/,2026-07-01,5,reddit
entry level developer,Entry level job. You only need to have 10-15 years of experience!,r/ChoosingBeggars,2022-06-27T13:47:06+00:00,https://old.reddit.com/r/ChoosingBeggars/comments/vlvwmn/entry_level_job_you_only_need_to_have_1015_years/,2026-07-01,5,reddit
entry level developer,"I just had a ""clap-along"". I had no idea this is how they tested entry-level.",r/cscareerquestions,2024-06-13T18:55:53+00:00,https://old.reddit.com/r/cscareerquestions/comments/1df6nro/i_just_had_a_clapalong_i_had_no_idea_this_is_how/,2026-07-01,5,reddit
entry level developer,"I’m the sole Python developer and Cloud Engineer at this company on an entry-level salary, I asked for a raise and my boss threatened to “replace” me with Gen AI",r/antiwork,2025-02-26T22:35:16+00:00,https://old.reddit.com/r/antiwork/comments/1iz0dxo/im_the_sole_python_developer_and_cloud_engineer/,2026-07-01,5,reddit
entry level developer,Finally found a way to meet the entry-level requirements.,r/memes,2026-03-13T10:12:05+00:00,https://old.reddit.com/r/memes/comments/1rsjdty/finally_found_a_way_to_meet_the_entrylevel/,2026-07-01,5,reddit
entry level developer,Entry-level job postings be like:,r/recruitinghell,2024-02-02T18:40:51+00:00,https://old.reddit.com/r/recruitinghell/comments/1ahau5d/entrylevel_job_postings_be_like/,2026-07-01,5,reddit
entry level developer,Why does it feel like we’ve broken the entry level job market?,r/UKJobs,2026-06-05T01:25:50+00:00,https://old.reddit.com/r/UKJobs/comments/1tx6rks/why_does_it_feel_like_weve_broken_the_entry_level/,2026-07-01,5,reddit
entry level developer,Interview process for an entry-level role is literal insanity. Have employers completely lost their minds?,r/antiwork,2023-09-22T19:05:24+00:00,https://old.reddit.com/r/antiwork/comments/16pii5y/interview_process_for_an_entrylevel_role_is/,2026-07-01,5,reddit
entry level developer,The entry level wage stagnation is getting ridiculous,r/cscareerquestionsuk,2026-06-15T11:15:40+00:00,https://old.reddit.com/r/cscareerquestionsuk/comments/1u6dmdv/the_entry_level_wage_stagnation_is_getting/,2026-07-01,5,reddit
entry level developer,"""Entry Level""",r/webdev,2024-04-03T13:51:16+00:00,https://old.reddit.com/r/webdev/comments/1but4h2/entry_level/,2026-07-01,5,reddit
entry level developer,[Hockey News Hub] DEVELOPING STORY ⚡️ According to Artur Khairullin: SKA has agreed to release defenseman Alexander Nikishin to the Canes for the remainder of the season. The player will sign a two-year entry-level contract that will expire after the 2025/26 season.,r/hockey,2025-04-10T15:53:08+00:00,https://old.reddit.com/r/hockey/comments/1jw19v3/hockey_news_hub_developing_story_according_to/,2026-07-01,5,reddit
entry level developer,When they require at least 50 years of experience for an entry level position,r/ProgrammerHumor,2022-09-09T15:43:01+00:00,https://old.reddit.com/r/ProgrammerHumor/comments/x9ysni/when_they_require_at_least_50_years_of_experience/,2026-07-01,5,reddit
entry level developer,"Got an entry level developer job, but salary is $60k",r/cscareerquestions,2025-11-04T19:49:59+00:00,https://old.reddit.com/r/cscareerquestions/comments/1oohbdx/got_an_entry_level_developer_job_but_salary_is_60k/,2026-07-01,5,reddit
entry level developer,lol you need 7+ years to earn $40 per hour entry level.,r/GenZ,2026-06-20T07:50:25+00:00,https://old.reddit.com/r/GenZ/comments/1uaqncn/lol_you_need_7_years_to_earn_40_per_hour_entry/,2026-07-01,5,reddit
entry level developer,"Warning- Look out for ""entry level marketing"" ""sports marketing"" ""event marketing"" and ""management trainee"" jobs at small companies - Smart Circle / Cydcor / Creditco / ""Devil Corp""",r/antiMLM,2021-06-12T13:45:23+00:00,https://old.reddit.com/r/antiMLM/comments/ny73bi/warning_look_out_for_entry_level_marketing_sports/,2026-07-01,5,reddit
entry level developer,How are entry level people getting jobs?,r/cscareerquestions,2023-09-05T08:55:28+00:00,https://old.reddit.com/r/cscareerquestions/comments/16aiw2y/how_are_entry_level_people_getting_jobs/,2026-07-01,5,reddit
entry level developer,[University Review] The Comprehensive CS Entry-Level University Placement Index (for internationals),r/MSCS,2026-05-01T09:50:52+00:00,https://old.reddit.com/r/MSCS/comments/1t0ouv0/university_review_the_comprehensive_cs_entrylevel/,2026-07-01,5,reddit
remote software engineer,NOW HIRING: Software Engineer (100% Remote),r/SoftwareEngineerJobs,2026-06-16T02:48:32+00:00,https://old.reddit.com/r/SoftwareEngineerJobs/comments/1u71f0u/now_hiring_software_engineer_100_remote/,2026-07-01,5,reddit
remote software engineer,[Hiring] Software Engineers (Remote) | 2026-27 Batch,r/DeveloperJobs,2026-06-14T02:41:07+00:00,https://old.reddit.com/r/DeveloperJobs/comments/1u599ci/hiring_software_engineers_remote_202627_batch/,2026-07-01,5,reddit
remote software engineer,Can a 4 YOE software engineer realistically get a $3k/month remote job?,r/devjobs,2026-04-27T07:22:05+00:00,https://old.reddit.com/r/devjobs/comments/1swwj8d/can_a_4_yoe_software_engineer_realistically_get_a/,2026-07-01,5,reddit
remote software engineer,"[HIRING] Remote Software Engineering Expert , $100–$300/hr , Senior/Staff/Principal Level",r/DeveloperJobs,2026-05-17T13:06:09+00:00,https://old.reddit.com/r/DeveloperJobs/comments/1tfp15w/hiring_remote_software_engineering_expert/,2026-07-01,5,reddit
remote software engineer,How hard is it actually to find a fully remote (abroad) software engineering job?,r/SoftwareEngineerJobs,2025-09-19T05:21:45+00:00,https://old.reddit.com/r/SoftwareEngineerJobs/comments/1nkv03i/how_hard_is_it_actually_to_find_a_fully_remote/,2026-07-01,5,reddit
remote software engineer,[Hiring] Software Developers — Remote,r/DeveloperJobs,2026-06-09T02:05:31+00:00,https://old.reddit.com/r/DeveloperJobs/comments/1u0rw39/hiring_software_developers_remote/,2026-07-01,5,reddit
remote software engineer,Nearly 40% of software engineers will only work remotely,r/technology,2023-03-02T16:02:04+00:00,https://old.reddit.com/r/technology/comments/11g6cf8/nearly_40_of_software_engineers_will_only_work/,2026-07-01,5,reddit
remote software engineer,Nearly 40% of software engineers will only work remotely,r/programming,2023-03-03T10:03:51+00:00,https://old.reddit.com/r/programming/comments/11gwypy/nearly_40_of_software_engineers_will_only_work/,2026-07-01,5,reddit
remote software engineer,[OC] My remote job search over 2 months as a 30 year old Senior Software Engineer (US),r/dataisbeautiful,2025-05-05T21:05:40+00:00,https://old.reddit.com/r/dataisbeautiful/comments/1kfmylm/oc_my_remote_job_search_over_2_months_as_a_30/,2026-07-01,5,reddit
remote software engineer,Software Engineer - Remote USA,r/Salary,2024-11-27T15:51:12+00:00,https://old.reddit.com/r/Salary/comments/1h17f2k/software_engineer_remote_usa/,2026-07-01,5,reddit
remote software engineer,"Principal Software Engineer, remote",r/Salary,2025-08-05T15:30:55+00:00,https://old.reddit.com/r/Salary/comments/1micd8u/principal_software_engineer_remote/,2026-07-01,5,reddit
remote software engineer,[Hiring]Looking for a Software Engineer (Remote),r/WebDeveloperJobs,2026-05-22T12:47:16+00:00,https://old.reddit.com/r/WebDeveloperJobs/comments/1tkhyyx/hiringlooking_for_a_software_engineer_remote/,2026-07-01,5,reddit
remote software engineer,[Hiring]Looking for a Software Engineer (Remote),r/javascriptjobs,2026-05-14T19:48:56+00:00,https://old.reddit.com/r/javascriptjobs/comments/1td95m3/hiringlooking_for_a_software_engineer_remote/,2026-07-01,5,reddit
remote software engineer,[Hiring]Looking for a Software Engineer (Remote),r/remotejs,2026-05-16T12:16:46+00:00,https://old.reddit.com/r/remotejs/comments/1tes2lk/hiringlooking_for_a_software_engineer_remote/,2026-07-01,5,reddit
remote software engineer,[Hiring]Looking for a Software Engineer (Remote),r/freelancing,2026-05-23T12:29:55+00:00,https://old.reddit.com/r/freelancing/comments/1tlf70e/hiringlooking_for_a_software_engineer_remote/,2026-07-01,5,reddit
remote software engineer,[Hiring] Software Engineers (Remote),r/hiring,2026-02-07T04:31:22+00:00,https://old.reddit.com/r/hiring/comments/1qy486d/hiring_software_engineers_remote/,2026-07-01,5,reddit
remote software engineer,"24F Software Engineer, Fully Remote",r/Salary,2024-12-12T22:09:54+00:00,https://old.reddit.com/r/Salary/comments/1hcwuy9/24f_software_engineer_fully_remote/,2026-07-01,5,reddit
remote software engineer,[Hiring] Software Engineers ( Remote) $50-$150 per hour,r/WebDeveloperJobs,2026-02-10T08:22:15+00:00,https://old.reddit.com/r/WebDeveloperJobs/comments/1r0v8mk/hiring_software_engineers_remote_50150_per_hour/,2026-07-01,5,reddit
remote software engineer,"[39F] 5 months divorced, remote software engineer, crippling ADHD, self-loathing, dressed like a bear. Doubt you can say anything worse than the things I think about myself daily.",r/RoastMe,2022-10-28T16:32:32+00:00,https://old.reddit.com/r/RoastMe/comments/yft8ia/39f_5_months_divorced_remote_software_engineer/,2026-07-01,5,reddit
remote software engineer,[Hiring] [Remote] [Global] - Software Engineer | $20-$50 per hour,r/techjobs,2026-02-24T02:10:39+00:00,https://old.reddit.com/r/techjobs/comments/1rd1y0g/hiring_remote_global_software_engineer_2050_per/,2026-07-01,5,reddit
remote software engineer,[Hiring] Software Engineers (Remote) (PH ONLY),r/hiring,2026-02-13T08:53:52+00:00,https://old.reddit.com/r/hiring/comments/1r3k9a8/hiring_software_engineers_remote_ph_only/,2026-07-01,5,reddit
remote software engineer,Hiring Trainee Software Engineer (0-3 years) Freshers and Experienced Opportunity Remote work is available,r/GradSiren_Jobs,2025-11-10T08:42:55+00:00,https://old.reddit.com/r/GradSiren_Jobs/comments/1ot8p53/hiring_trainee_software_engineer_03_years/,2026-07-01,5,reddit
remote developer india,Backend Engineer (4 YOE): India Remote Role vs Amsterdam On-site Offer,r/developersIndia,2026-02-01T15:40:53+00:00,https://old.reddit.com/r/developersIndia/comments/1qt1q34/backend_engineer_4_yoe_india_remote_role_vs/,2026-07-01,5,reddit
remote developer india,"The company fired Indian developers and hired developers from Philippines, India is no more a cheap labour destination for companies.",r/developersIndia,2024-03-04T14:04:33+00:00,https://old.reddit.com/r/developersIndia/comments/1b6bo1f/the_company_fired_indian_developers_and_hired/,2026-07-01,5,reddit
remote developer india,What happens if i accept two job offers in India as remote?,r/developersIndia,2024-10-08T06:18:47+00:00,https://old.reddit.com/r/developersIndia/comments/1fyt9ic/what_happens_if_i_accept_two_job_offers_in_india/,2026-07-01,5,reddit
remote developer india,URGENT : Family Medical Emergency || Need Remote opportunities as Java Spring Boot Developer,r/LeetcodeDesi,2026-05-13T06:50:47+00:00,https://old.reddit.com/r/LeetcodeDesi/comments/1tbrrnb/urgent_family_medical_emergency_need_remote/,2026-07-01,5,reddit
remote developer india,Junior Full Stack Developer (React / SQL) - Remote,r/DeveloperJobs,2026-06-23T22:04:31+00:00,https://old.reddit.com/r/DeveloperJobs/comments/1udv0nt/junior_full_stack_developer_react_sql_remote/,2026-07-01,5,reddit
remote developer india,Hiring: Business Development Interns (Remote | India),r/IndiaJobsOpenings,2026-05-04T12:16:44+00:00,https://old.reddit.com/r/IndiaJobsOpenings/comments/1t3fzjj/hiring_business_development_interns_remote_india/,2026-07-01,5,reddit
remote developer india,I scraped 1000 India based developer jobs from top companies,r/developersIndia,2025-04-04T16:35:32+00:00,https://old.reddit.com/r/developersIndia/comments/1jrga8j/i_scraped_1000_india_based_developer_jobs_from/,2026-07-01,5,reddit
remote developer india,Automation Developer (n8n | Remote | 30–50K €),r/n8n,2025-10-27T09:22:18+00:00,https://old.reddit.com/r/n8n/comments/1oh9rpo/automation_developer_n8n_remote_3050k/,2026-07-01,5,reddit
remote developer india,Hiring: Business Development Interns (Remote | India),r/Indiajobs,2026-05-04T11:08:08+00:00,https://old.reddit.com/r/Indiajobs/comments/1t3eid9/hiring_business_development_interns_remote_india/,2026-07-01,5,reddit
remote developer india,"Developers of India who earn >2 LPM and work remote, what's stopping you from living the digital nomad life?",r/developersIndia,2023-04-14T06:52:16+00:00,https://old.reddit.com/r/developersIndia/comments/12lndt0/developers_of_india_who_earn_2_lpm_and_work/,2026-07-01,5,reddit
remote developer india,[Hiring] [Remote] [India] - Full Stack Developer;,r/techjobs,2026-06-21T01:42:55+00:00,https://old.reddit.com/r/techjobs/comments/1ubdfap/hiring_remote_india_full_stack_developer/,2026-07-01,5,reddit
remote developer india,[Hiring] [Remote] Front-end web developer,r/WebDevJobs,2025-09-16T20:25:32+00:00,https://old.reddit.com/r/WebDevJobs/comments/1nisqce/hiring_remote_frontend_web_developer/,2026-07-01,5,reddit
remote developer india,"[Hiring] Shopify Developer — Long-term, Remote, US Hours (India preferred) — $15-25/hr",r/forhire,2026-05-04T21:43:20+00:00,https://old.reddit.com/r/forhire/comments/1t3vqi0/hiring_shopify_developer_longterm_remote_us_hours/,2026-07-01,5,reddit
remote developer india,"[Remote - India] Mid-Level PHP Developer (Vanilla PHP, SaaS) Contract.",r/phpjobs,2026-04-03T05:12:20+00:00,https://old.reddit.com/r/phpjobs/comments/1sb4iqz/remote_india_midlevel_php_developer_vanilla_php/,2026-07-01,5,reddit
remote developer india,Freelance Developers of India: Which platform do you prefer for finding remote jobs or clients? (Vote),r/developersIndia,2026-03-06T06:05:20+00:00,https://old.reddit.com/r/developersIndia/comments/1rm61qd/freelance_developers_of_india_which_platform_do/,2026-07-01,5,reddit
remote developer india,[Hiring] [Remote] [India] - Software Developer,r/techjobs,2026-01-29T18:04:47+00:00,https://old.reddit.com/r/techjobs/comments/1qqg1aa/hiring_remote_india_software_developer/,2026-07-01,5,reddit
remote developer india,Looking for Part-Time React Developer(India) 12-15k $ yearly salary,r/WebDeveloperJobs,2025-08-29T17:07:30+00:00,https://old.reddit.com/r/WebDeveloperJobs/comments/1n3d4fu/looking_for_parttime_react_developerindia_1215k/,2026-07-01,5,reddit
remote developer india,Full-Stack Developer Intern- 10-20k/mo - Remote- 3 months - Potential full-time,r/WebDeveloperJobs,2026-01-15T13:22:19+00:00,https://old.reddit.com/r/WebDeveloperJobs/comments/1qdjcy7/fullstack_developer_intern_1020kmo_remote_3/,2026-07-01,5,reddit
remote developer india,What are Full stack developer salaries in India? Tips?,r/developersIndia,2024-07-03T16:31:32+00:00,https://old.reddit.com/r/developersIndia/comments/1duip7d/what_are_full_stack_developer_salaries_in_india/,2026-07-01,5,reddit
remote developer india,Returning to India after Canada – realistic salary for ~6 YOE backend developer?,r/developersIndia,2026-03-17T01:19:40+00:00,https://old.reddit.com/r/developersIndia/comments/1rvsqek/returning_to_india_after_canada_realistic_salary/,2026-07-01,5,reddit
remote developer india,"[HIRING] Freelance Marketing Help (Remote, India) 3 Month Internship | ₹10k/month + Experience Letter",r/freelance_forhire,2026-06-22T14:05:17+00:00,https://old.reddit.com/r/freelance_forhire/comments/1uclift/hiring_freelance_marketing_help_remote_india_3/,2026-07-01,5,reddit
remote developer india,Senior Software Developer in India with 8 YoE feeling stuck.,r/developersIndia,2026-03-31T09:47:21+00:00,https://old.reddit.com/r/developersIndia/comments/1s8iwla/senior_software_developer_in_india_with_8_yoe/,2026-07-01,5,reddit
work from home developer,"CEO said ""If you want to work from home, go work somewhere else"", so most of my team and I did just that.",r/antiwork,2022-01-19T11:58:49+00:00,https://old.reddit.com/r/antiwork/comments/s7ok1j/ceo_said_if_you_want_to_work_from_home_go_work/,2026-07-01,5,reddit
work from home developer,Got home from an all nighter at work to find this... Any suggestions on how to deal with this latest development in this series?,r/trashy,2021-07-01T10:23:57+00:00,https://old.reddit.com/r/trashy/comments/obiwb0/got_home_from_an_all_nighter_at_work_to_find_this/,2026-07-01,5,reddit
work from home developer,[AAM] my company is issuing new work-from-home standards because we should have the hang of it by now,r/BestofRedditorUpdates,2026-01-21T16:25:23+00:00,https://old.reddit.com/r/BestofRedditorUpdates/comments/1qj2h3t/aam_my_company_is_issuing_new_workfromhome/,2026-07-01,5,reddit
work from home developer,"We make Old School RuneScape, and we're all working from home. Ask us anything!",r/IAmA,2020-03-20T14:37:13+00:00,https://old.reddit.com/r/IAmA/comments/flw1ks/we_make_old_school_runescape_and_were_all_working/,2026-07-01,5,reddit
work from home developer,"Would you take a $75000 work from home job or $110,000 in- office job?",r/careerguidance,2025-03-05T18:47:58+00:00,https://old.reddit.com/r/careerguidance/comments/1j4aj46/would_you_take_a_75000_work_from_home_job_or/,2026-07-01,5,reddit
work from home developer,developersWhenTheyWorkFromHome,r/ProgrammerHumor,2024-11-16T13:35:11+00:00,https://old.reddit.com/r/ProgrammerHumor/comments/1gsndyy/developerswhentheyworkfromhome/,2026-07-01,5,reddit
work from home developer,"I(M22) ran away from home with 30k and a computer on my back. Now I(M26) own a game development studio, grew it to a team of 12, and kept it running for almost 2 years. This January 2025, we're FINALLY releasing the demo of our flagship game on steam!",r/buhaydigital,2024-12-10T06:19:26+00:00,https://old.reddit.com/r/buhaydigital/comments/1havhak/im22_ran_away_from_home_with_30k_and_a_computer/,2026-07-01,5,reddit
work from home developer,"TIL that in 1665, the University of Cambridge temporarily closed due to the Bubonic plague. Isaac Newton had to work from home, where he used that time to develop calculus and the theory of gravity.",r/todayilearned,2020-03-12T01:03:26+00:00,https://old.reddit.com/r/todayilearned/comments/fh7zbs/til_that_in_1665_the_university_of_cambridge/,2026-07-01,5,reddit
work from home developer,No work from home for a sick intern? Now everyone works from home,r/MaliciousCompliance,2023-02-10T08:01:23+00:00,https://old.reddit.com/r/MaliciousCompliance/comments/10yjw2m/no_work_from_home_for_a_sick_intern_now_everyone/,2026-07-01,5,reddit
work from home developer,I hope my husband finds a girlfriend,r/GirlDinnerDiaries,2026-05-18T00:40:05+00:00,https://old.reddit.com/r/GirlDinnerDiaries/comments/1tg6ywk/i_hope_my_husband_finds_a_girlfriend/,2026-07-01,5,reddit
work from home developer,Sherwin Gatchalian just ordered all senate offices to work from home tomorrow,r/ChikaPH,2026-06-03T15:16:25+00:00,https://old.reddit.com/r/ChikaPH/comments/1tvsfus/sherwin_gatchalian_just_ordered_all_senate/,2026-07-01,5,reddit
work from home developer,"Elon Musk: Already testing traffic lights, stop signs & roundabouts in development software. Your Tesla will soon be able to go from your garage at home to parking at work with no driver input at all.",r/teslamotors,2018-12-09T19:15:49+00:00,https://old.reddit.com/r/teslamotors/comments/a4npxx/elon_musk_already_testing_traffic_lights_stop/,2026-07-01,5,reddit
work from home developer,Path of Exile Developers Reveal Their Working From Home Desks!,r/pathofexile,2020-04-08T21:54:34+00:00,https://old.reddit.com/r/pathofexile/comments/fxfrbm/path_of_exile_developers_reveal_their_working/,2026-07-01,5,reddit
work from home developer,"IAmA Entrepreneur and Game Developer, We’ve run a virtual studio for 15 years: hundreds of people, 50+ games, millions in revenue, everyone working from home. Ask me anything about running a virtual studio!",r/IAmA,2020-04-15T02:47:38+00:00,https://old.reddit.com/r/IAmA/comments/g1jjy6/iama_entrepreneur_and_game_developer_weve_run_a/,2026-07-01,5,reddit
work from home developer,(18) to (19) I have managed to crawl out of a very dark place,r/GlowUps,2026-05-15T00:16:50+00:00,https://old.reddit.com/r/GlowUps/comments/1tdg2ea/18_to_19_i_have_managed_to_crawl_out_of_a_very/,2026-07-01,5,reddit
work from home developer,AAM - Asking to work from home with a new puppy,r/BestofRedditorUpdates,2022-06-30T17:09:19+00:00,https://old.reddit.com/r/BestofRedditorUpdates/comments/vodgp3/aam_asking_to_work_from_home_with_a_new_puppy/,2026-07-01,5,reddit
work from home developer,Does working from home change you?,r/UKJobs,2025-02-02T17:51:12+00:00,https://old.reddit.com/r/UKJobs/comments/1ig2yy8/does_working_from_home_change_you/,2026-07-01,5,reddit
work from home developer,"COVID And Working From Home Made Starfield Development ""Very, Very Slow,"" Todd Howard Says",r/pcgaming,2023-09-11T16:23:34+00:00,https://old.reddit.com/r/pcgaming/comments/16fzp54/covid_and_working_from_home_made_starfield/,2026-07-01,5,reddit
work from home developer,AIO or is my husband(34m) being a jerk,r/AmIOverreacting,2026-06-08T10:21:13+00:00,https://old.reddit.com/r/AmIOverreacting/comments/1u03v8t/aio_or_is_my_husband34m_being_a_jerk/,2026-07-01,5,reddit
work from home developer,Am I the only accountant who doesn’t like to work from home?,r/Accounting,2025-03-08T16:36:54+00:00,https://old.reddit.com/r/Accounting/comments/1j6kz94/am_i_the_only_accountant_who_doesnt_like_to_work/,2026-07-01,5,reddit
work from home developer,My wife is not the woman I used to know. She let the fame get to her.,r/BestofRedditorUpdates,2026-06-06T23:58:03+00:00,https://old.reddit.com/r/BestofRedditorUpdates/comments/1tywr3q/my_wife_is_not_the_woman_i_used_to_know_she_let/,2026-07-01,5,reddit
work from home developer,"Suggested Covid Rule: If you can work from home without impacting your job performance, you must work from home.",r/ontario,2020-11-18T14:36:17+00:00,https://old.reddit.com/r/ontario/comments/jwguqt/suggested_covid_rule_if_you_can_work_from_home/,2026-07-01,5,reddit
remote AI engineer,[HIRING] [Remote] [US] AI/ML Engineer | $70–$80/hr,r/MachineLearningJobs,2026-05-25T02:57:58+00:00,https://old.reddit.com/r/MachineLearningJobs/comments/1tmwdwm/hiring_remote_us_aiml_engineer_7080hr/,2026-07-01,5,reddit
remote AI engineer,"AI Engineer wanted: remote, full time, long term (someone who can build and ship, not just prompt)",r/Indiajobs,2026-05-29T02:11:30+00:00,https://old.reddit.com/r/Indiajobs/comments/1tqnwot/ai_engineer_wanted_remote_full_time_long_term/,2026-07-01,5,reddit
remote AI engineer,[Hiring] Backend Engineers - Remote | $85 per/hr,r/remotebackendjobs,2026-06-16T08:51:50+00:00,https://old.reddit.com/r/remotebackendjobs/comments/1u780mh/hiring_backend_engineers_remote_85_perhr/,2026-07-01,5,reddit
remote AI engineer,[Hiring] [Remote] [Americas and more] - Senior Independent AI Engineer / Architect at A.Team (💸 $120 - $170 /hour),r/MachineLearningJobs,2026-06-16T11:58:59+00:00,https://old.reddit.com/r/MachineLearningJobs/comments/1u7bh2s/hiring_remote_americas_and_more_senior/,2026-07-01,5,reddit
remote AI engineer,[Hiring] AI Agent / Harness Engineer Fully Remote,r/AIJobs,2026-06-23T04:45:14+00:00,https://old.reddit.com/r/AIJobs/comments/1ud7eok/hiring_ai_agent_harness_engineer_fully_remote/,2026-07-01,5,reddit
remote AI engineer,"[For Hire][Full Remote] AI/ML Python Developer — LLM Apps, RAG, AI Agents, FastAPI/Flask | $25/hr",r/remotepython,2026-06-01T15:52:51+00:00,https://old.reddit.com/r/remotepython/comments/1ttwfdo/for_hirefull_remote_aiml_python_developer_llm/,2026-07-01,5,reddit
remote AI engineer,My company has frozen all engineering hirings for a year due to AI,r/SoftwareEngineerJobs,2026-06-25T20:04:24+00:00,https://old.reddit.com/r/SoftwareEngineerJobs/comments/1ufkxlj/my_company_has_frozen_all_engineering_hirings_for/,2026-07-01,5,reddit
remote AI engineer,"I built 3 AI Employees (Engineer, Researcher, Designer) that run locally 24/7 and I control them entirely from Telegram. This feels like hiring a remote team.",r/openclaw,2026-02-08T01:50:38+00:00,https://old.reddit.com/r/openclaw/comments/1qyw1rc/i_built_3_ai_employees_engineer_researcher/,2026-07-01,5,reddit
remote AI engineer,"At 30, after years of UPSC preparation, I thought I had ruined my career. Today I work remotely as an AI Engineer.",r/UPSCPrelims2026,2026-06-20T16:18:08+00:00,https://old.reddit.com/r/UPSCPrelims2026/comments/1ub0lpc/at_30_after_years_of_upsc_preparation_i_thought_i/,2026-07-01,5,reddit
remote AI engineer,[Hiring] Software Developers/Programmers wanted for Remote AI Training | $50 USD / hr,r/Programmers_forhire,2026-06-08T23:33:31+00:00,https://old.reddit.com/r/Programmers_forhire/comments/1u0oiil/hiring_software_developersprogrammers_wanted_for/,2026-07-01,5,reddit
remote AI engineer,"[Hiring] Paid remote human-ai collaboration study (4-5 hr, $25/h)",r/MachineLearningJobs,2026-04-11T19:39:52+00:00,https://old.reddit.com/r/MachineLearningJobs/comments/1sisqv6/hiring_paid_remote_humanai_collaboration_study_45/,2026-07-01,5,reddit
remote AI engineer,Remote AI Training Jobs Guide 2026-Earn $1-2k only.,r/HandshakeAi_jobs,2026-03-25T00:05:09+00:00,https://old.reddit.com/r/HandshakeAi_jobs/comments/1s2v45o/remote_ai_training_jobs_guide_2026earn_12k_only/,2026-07-01,5,reddit
remote AI engineer,Hiring for Backend and applied AI engineer intern,r/InternshipsIndia,2026-06-15T06:32:52+00:00,https://old.reddit.com/r/InternshipsIndia/comments/1u68ncr/hiring_for_backend_and_applied_ai_engineer_intern/,2026-07-01,5,reddit
remote AI engineer,[Hiring] Software Engineers (Remote),r/hiring,2026-02-07T04:31:22+00:00,https://old.reddit.com/r/hiring/comments/1qy486d/hiring_software_engineers_remote/,2026-07-01,5,reddit
remote AI engineer,[Hiring] Software Engineers ( Remote) $50-$150 per hour,r/WebDeveloperJobs,2026-02-10T08:22:15+00:00,https://old.reddit.com/r/WebDeveloperJobs/comments/1r0v8mk/hiring_software_engineers_remote_50150_per_hour/,2026-07-01,5,reddit
remote AI engineer,Cloud Engineers replaced by AI,r/cloudengineering,2026-06-08T15:58:54+00:00,https://old.reddit.com/r/cloudengineering/comments/1u0c1pd/cloud_engineers_replaced_by_ai/,2026-07-01,5,reddit
remote AI engineer,HIRING: Remote Editors (AI-Assisted) - Work From Anywhere!,r/JobsPhilippines,2025-11-02T08:12:36+00:00,https://old.reddit.com/r/JobsPhilippines/comments/1ombv4t/hiring_remote_editors_aiassisted_work_from/,2026-07-01,5,reddit
remote AI engineer,[Hiring] Software Engineers (Remote) (PH ONLY),r/hiring,2026-02-13T08:53:52+00:00,https://old.reddit.com/r/hiring/comments/1r3k9a8/hiring_software_engineers_remote_ph_only/,2026-07-01,5,reddit
remote AI engineer,Top companies hiring for remote AI Engineer roles right now!,r/GenAI4all,2026-05-15T11:40:13+00:00,https://old.reddit.com/r/GenAI4all/comments/1tdtrdy/top_companies_hiring_for_remote_ai_engineer_roles/,2026-07-01,5,reddit
remote AI engineer,[USA][Remote] Senior AI Software Engineer and Applied Machine Learning Engineer @ Allstate,r/cscareerquestions,2026-04-21T21:56:42+00:00,https://old.reddit.com/r/cscareerquestions/comments/1ss255d/usaremote_senior_ai_software_engineer_and_applied/,2026-07-01,5,reddit
remote AI engineer,Looking for an ML Engineer - Post-Training (FULLY REMOTE) US Based,r/MachineLearningJobs,2025-12-02T23:59:37+00:00,https://old.reddit.com/r/MachineLearningJobs/comments/1pcouep/looking_for_an_ml_engineer_posttraining_fully/,2026-07-01,5,reddit
remote AI engineer,"[TASK] Ai Coder for Remote Engineering Work, $5-$8/hr",r/slavelabour,2026-05-24T16:32:56+00:00,https://old.reddit.com/r/slavelabour/comments/1tmgzgm/task_ai_coder_for_remote_engineering_work_58hr/,2026-07-01,5,reddit
remote internship,Suggest me a remote internship 😭,r/InternshipsIndia,2026-05-28T17:09:00+00:00,https://old.reddit.com/r/InternshipsIndia/comments/1tq9qgv/suggest_me_a_remote_internship/,2026-07-01,5,reddit
remote internship,Any platform where you can find remote international internships,r/developersIndia,2026-01-19T05:28:24+00:00,https://old.reddit.com/r/developersIndia/comments/1qgvj3v/any_platform_where_you_can_find_remote/,2026-07-01,5,reddit
remote internship,i made you a list of 130+ remote internships hiring right now.,r/internships,2026-06-22T15:08:48+00:00,https://old.reddit.com/r/internships/comments/1ucn6v1/i_made_you_a_list_of_130_remote_internships/,2026-07-01,5,reddit
remote internship,"3rd year IT student, free for 2 months — what are some genuine remote internships/open-source programs I can still apply to?",r/PaidInternships,2026-06-16T06:15:43+00:00,https://old.reddit.com/r/PaidInternships/comments/1u75e9j/3rd_year_it_student_free_for_2_months_what_are/,2026-07-01,5,reddit
remote internship,Good places to look for remote internships?,r/internships,2025-10-14T14:22:46+00:00,https://old.reddit.com/r/internships/comments/1o6gw06/good_places_to_look_for_remote_internships/,2026-07-01,5,reddit
remote internship,Dodged a remote internship scam by asking ONE simple question (trust your instincts),r/developersIndia,2025-12-30T05:12:56+00:00,https://old.reddit.com/r/developersIndia/comments/1pz9cz8/dodged_a_remote_internship_scam_by_asking_one/,2026-07-01,5,reddit
remote internship,How do I land a remote Summer internship?,r/BITSPilani,2026-04-18T23:49:04+00:00,https://old.reddit.com/r/BITSPilani/comments/1spd8u5/how_do_i_land_a_remote_summer_internship/,2026-07-01,5,reddit
remote internship,Are remote internships good?,r/Accounting,2026-04-01T16:33:40+00:00,https://old.reddit.com/r/Accounting/comments/1s9pnfv/are_remote_internships_good/,2026-07-01,5,reddit
remote internship,"Remote Internship, Should I accept it or not ?",r/Btechtards,2025-09-11T07:20:11+00:00,https://old.reddit.com/r/Btechtards/comments/1ne2bki/remote_internship_should_i_accept_it_or_not/,2026-07-01,5,reddit
remote internship,How I went from ₹10K/mo internship to ₹3.5L/mo remote role in 5 years - Complete breakdown with strategies and mistakes,r/developersIndia,2025-10-15T21:07:23+00:00,https://old.reddit.com/r/developersIndia/comments/1o7n9d3/how_i_went_from_10kmo_internship_to_35lmo_remote/,2026-07-01,5,reddit
remote internship,🚀 Internship Opportunity | Remote | Software Development Intern 🚀,r/InternshipsIndia,2026-05-16T21:32:34+00:00,https://old.reddit.com/r/InternshipsIndia/comments/1tf67fa/internship_opportunity_remote_software/,2026-07-01,5,reddit
remote internship,GOT A REMOTE INTERNSHIP BY QUOTING MIKE ROSS FROM SUITS,r/Btechtards,2025-12-22T18:00:04+00:00,https://old.reddit.com/r/Btechtards/comments/1pt68rm/got_a_remote_internship_by_quoting_mike_ross_from/,2026-07-01,5,reddit
remote internship,3 year update: OOP's (17F) relationship with her former high school teacher (22M),r/BestofRedditorUpdates,2026-06-04T23:39:09+00:00,https://old.reddit.com/r/BestofRedditorUpdates/comments/1tx4d4v/3_year_update_oops_17f_relationship_with_her/,2026-07-01,5,reddit
remote internship,"We offered an applicant a paid internship at my company, and she said she would only take the position if it was 100% remote... An internship...",r/AdviceAnimals,2015-06-01T14:09:19+00:00,https://old.reddit.com/r/AdviceAnimals/comments/382zsy/we_offered_an_applicant_a_paid_internship_at_my/,2026-07-01,5,reddit
remote internship,Summer Internship (Indian Students-Remote),r/InternshipsIndia,2026-05-27T04:19:22+00:00,https://old.reddit.com/r/InternshipsIndia/comments/1toumy2/summer_internship_indian_studentsremote/,2026-07-01,5,reddit
remote internship,AIO for this text conversation with my mom?,r/AmIOverreacting,2025-03-10T16:11:05+00:00,https://old.reddit.com/r/AmIOverreacting/comments/1j82a1c/aio_for_this_text_conversation_with_my_mom/,2026-07-01,5,reddit
remote internship,Op got his first stipend,r/Btechtards,2026-06-29T03:40:58+00:00,https://old.reddit.com/r/Btechtards/comments/1uihefc/op_got_his_first_stipend/,2026-07-01,5,reddit
remote internship,"Got selected for a web dev internship (1st year, Remote, ₹1k / month).",r/developersIndia,2025-03-24T13:08:44+00:00,https://old.reddit.com/r/developersIndia/comments/1jiq913/got_selected_for_a_web_dev_internship_1st_year/,2026-07-01,5,reddit
remote internship,Hiring Data Analyst Intern (0 years) online Internship (Remote Location) after internship full time,r/IndiaJobsOpenings,2025-11-01T05:56:58+00:00,https://old.reddit.com/r/IndiaJobsOpenings/comments/1olgfke/hiring_data_analyst_intern_0_years_online/,2026-07-01,5,reddit
remote internship,"How I landed a fully remote, paid python developer internship without a college degree (of any kind) or going through a bootcamp.",r/learnprogramming,2022-09-25T00:45:55+00:00,https://old.reddit.com/r/learnprogramming/comments/xn90c2/how_i_landed_a_fully_remote_paid_python_developer/,2026-07-01,5,reddit
remote internship,"AITA for renting an apartment without telling my parents, even though they depend on me emotionally?",r/AmItheAsshole,2025-06-13T17:23:35+00:00,https://old.reddit.com/r/AmItheAsshole/comments/1lalpvp/aita_for_renting_an_apartment_without_telling_my/,2026-07-01,5,reddit
remote internship,remote internship for students,r/internships,2025-09-19T19:50:55+00:00,https://old.reddit.com/r/internships/comments/1nldl9d/remote_internship_for_students/,2026-07-01,5,reddit
remote python developer,[Hiring] Looking for a Python Developer (Remote),r/remotepython,2026-05-16T12:18:09+00:00,https://old.reddit.com/r/remotepython/comments/1tes3ox/hiring_looking_for_a_python_developer_remote/,2026-07-01,5,reddit
remote python developer,"How I landed a fully remote, paid python developer internship without a college degree (of any kind) or going through a bootcamp.",r/learnprogramming,2022-09-25T00:45:55+00:00,https://old.reddit.com/r/learnprogramming/comments/xn90c2/how_i_landed_a_fully_remote_paid_python_developer/,2026-07-01,5,reddit
remote python developer,"[Hiring] Software Developer — Remote, Full-time (₹5LPA–8LPA). 0-4 years freshers",r/Indiajobs,2026-06-25T11:59:38+00:00,https://old.reddit.com/r/Indiajobs/comments/1uf7zdl/hiring_software_developer_remote_fulltime/,2026-07-01,5,reddit
remote python developer,[Hiring] Looking for a developer (Remote),r/Backend,2026-02-05T13:15:38+00:00,https://old.reddit.com/r/Backend/comments/1qwkz62/hiring_looking_for_a_developer_remote/,2026-07-01,5,reddit
remote python developer,"[Hiring] Software Developer — Remote, Full-time (₹5LPA–8LPA). 0-4 years freshers",r/IndiaJobsOpenings,2026-06-22T10:07:27+00:00,https://old.reddit.com/r/IndiaJobsOpenings/comments/1ucghnk/hiring_software_developer_remote_fulltime/,2026-07-01,5,reddit
remote python developer,Hiring Python Developer Fresher (Remote Work),r/GradSiren_Jobs,2025-11-17T07:32:05+00:00,https://old.reddit.com/r/GradSiren_Jobs/comments/1oza5be/hiring_python_developer_fresher_remote_work/,2026-07-01,5,reddit
remote python developer,"[Hiring] AI Developers Wanted (Remote, Flexible Hours)",r/hireaideveloper,2026-05-25T13:18:55+00:00,https://old.reddit.com/r/hireaideveloper/comments/1tn8yff/hiring_ai_developers_wanted_remote_flexible_hours/,2026-07-01,5,reddit
remote python developer,"[Hiring] Looking for a software developer (remote, part-time)",r/devjobs,2026-04-17T15:51:51+00:00,https://old.reddit.com/r/devjobs/comments/1so4xdv/hiring_looking_for_a_software_developer_remote/,2026-07-01,5,reddit
remote python developer,Detailed Python developer roadmap,r/Python,2022-11-24T10:34:46+00:00,https://old.reddit.com/r/Python/comments/z3gntf/detailed_python_developer_roadmap/,2026-07-01,5,reddit
remote python developer,[HIRING] AI / ML Engineer & Software Developer (Remote | $15–$30/hr USD),r/hiring,2026-06-25T09:28:25+00:00,https://old.reddit.com/r/hiring/comments/1uf57pm/hiring_ai_ml_engineer_software_developer_remote/,2026-07-01,5,reddit
remote python developer,[Hire] Full-Stack Software Developer (Remote) – SaaS / E-Commerce,r/hiredev,2026-06-13T08:18:14+00:00,https://old.reddit.com/r/hiredev/comments/1u4lb2f/hire_fullstack_software_developer_remote_saas/,2026-07-01,5,reddit
remote python developer,[Hiring] Looking for a Python Developer (Remote),r/PythonJobs,2026-05-15T13:53:37+00:00,https://old.reddit.com/r/PythonJobs/comments/1tdx26m/hiring_looking_for_a_python_developer_remote/,2026-07-01,5,reddit
remote python developer,Hiring: Python / SQL Data Engineer (Freelance or Part-Time) Remote,r/dataengineeringjobs,2026-06-18T12:10:07+00:00,https://old.reddit.com/r/dataengineeringjobs/comments/1u94ila/hiring_python_sql_data_engineer_freelance_or/,2026-07-01,5,reddit
remote python developer,Hiring Developer Interns | Remote | 3 to 6 months,r/InternshipsIndia,2026-05-07T05:30:11+00:00,https://old.reddit.com/r/InternshipsIndia/comments/1t61a35/hiring_developer_interns_remote_3_to_6_months/,2026-07-01,5,reddit
remote python developer,[Hiring] Looking for a developer (Remote),r/devjobs,2026-02-08T19:18:01+00:00,https://old.reddit.com/r/devjobs/comments/1qzhz0w/hiring_looking_for_a_developer_remote/,2026-07-01,5,reddit
remote python developer,Seeking Web Developer (3–5 Years Experience) | Remote | Native English Communication Required,r/DeveloperJobs,2026-06-10T09:30:16+00:00,https://old.reddit.com/r/DeveloperJobs/comments/1u1x9dw/seeking_web_developer_35_years_experience_remote/,2026-07-01,5,reddit
remote python developer,Best way to develop python remotely over ssh?,r/neovim,2026-04-19T19:58:08+00:00,https://old.reddit.com/r/neovim/comments/1sq3c9f/best_way_to_develop_python_remotely_over_ssh/,2026-07-01,5,reddit
remote python developer,[Hiring] Python Developer,r/PythonJobs,2026-02-16T18:21:28+00:00,https://old.reddit.com/r/PythonJobs/comments/1r6heja/hiring_python_developer/,2026-07-01,5,reddit
remote python developer,Hiring Remote Python / Computer Vision Intern – $100/month Stipend,r/InternshipsIndia,2026-03-01T21:53:36+00:00,https://old.reddit.com/r/InternshipsIndia/comments/1riabo2/hiring_remote_python_computer_vision_intern/,2026-07-01,5,reddit
remote python developer,Looking for Python Developer for Ongoing Work,r/PythonJobs,2026-04-15T00:37:50+00:00,https://old.reddit.com/r/PythonJobs/comments/1slqs6d/looking_for_python_developer_for_ongoing_work/,2026-07-01,5,reddit
remote python developer,N8N AI Automation Developer (Remote),r/n8n,2026-06-07T03:18:59+00:00,https://old.reddit.com/r/n8n/comments/1tz0vq4/n8n_ai_automation_developer_remote/,2026-07-01,5,reddit
remote python developer,Hiring Web Developer (3–5 Years Experience) | Remote | Native English Communication Required,r/DeveloperJobs,2026-06-10T11:13:16+00:00,https://old.reddit.com/r/DeveloperJobs/comments/1u1z5v4/hiring_web_developer_35_years_experience_remote/,2026-07-01,5,reddit
remote backend engineer,"Got Offered xAI Backend Engineering Specialist, have few questions",r/developersIndia,2025-12-31T12:00:15+00:00,https://old.reddit.com/r/developersIndia/comments/1q0beij/got_offered_xai_backend_engineering_specialist/,2026-07-01,5,reddit
remote backend engineer,Backend Engineer (4 YOE): India Remote Role vs Amsterdam On-site Offer,r/developersIndia,2026-02-01T15:40:53+00:00,https://old.reddit.com/r/developersIndia/comments/1qt1q34/backend_engineer_4_yoe_india_remote_role_vs/,2026-07-01,5,reddit
remote backend engineer,"Backend Devs Wanted (Remote, Flexible Hours)",r/remotebackendjobs,2026-05-01T04:00:46+00:00,https://old.reddit.com/r/remotebackendjobs/comments/1t0ihm0/backend_devs_wanted_remote_flexible_hours/,2026-07-01,5,reddit
remote backend engineer,Hiring for Backend and applied AI engineer intern,r/InternshipsIndia,2026-06-15T06:32:52+00:00,https://old.reddit.com/r/InternshipsIndia/comments/1u68ncr/hiring_for_backend_and_applied_ai_engineer_intern/,2026-07-01,5,reddit
remote backend engineer,"[Hiring] Looking for Frontend & Backend Engineers (100% Remote, US Time Zones, $3,000+/month)",r/developers_hire,2026-06-18T15:08:13+00:00,https://old.reddit.com/r/developers_hire/comments/1u98uj7/hiring_looking_for_frontend_backend_engineers_100/,2026-07-01,5,reddit
remote backend engineer,[HIRING] Remote Software Engineer,r/hiringpakistan,2026-06-14T22:31:19+00:00,https://old.reddit.com/r/hiringpakistan/comments/1u5yt40/hiring_remote_software_engineer/,2026-07-01,5,reddit
remote backend engineer,Parqet sucht einen Backend Engineer (Full Remote),r/InformatikKarriere,2026-06-05T16:44:40+00:00,https://old.reddit.com/r/InformatikKarriere/comments/1txqc30/parqet_sucht_einen_backend_engineer_full_remote/,2026-07-01,5,reddit
remote backend engineer,Hiring for Backend and applied AI engineer intern,r/Btechtards,2026-06-15T07:02:18+00:00,https://old.reddit.com/r/Btechtards/comments/1u696jr/hiring_for_backend_and_applied_ai_engineer_intern/,2026-07-01,5,reddit
remote backend engineer,[Hiring] [Remote] [US] Backend Software Engineer | $70–$80/hr,r/remotebackendjobs,2026-04-29T13:52:13+00:00,https://old.reddit.com/r/remotebackendjobs/comments/1syzg9t/hiring_remote_us_backend_software_engineer_7080hr/,2026-07-01,5,reddit
remote backend engineer,Hiring: Backend & DevOps Engineer (Remote) — Long-term contract,r/devopsjobs,2025-12-09T09:34:21+00:00,https://old.reddit.com/r/devopsjobs/comments/1pi39dc/hiring_backend_devops_engineer_remote_longterm/,2026-07-01,5,reddit
remote backend engineer,"Backend engineers impacted by Paytm layoffs, let’s talk!",r/developersIndia,2024-03-15T11:31:05+00:00,https://old.reddit.com/r/developersIndia/comments/1bfbsb4/backend_engineers_impacted_by_paytm_layoffs_lets/,2026-07-01,5,reddit
remote backend engineer,"[Hiring] Part-time Software Engineer/Students (Remote, India)",r/InternshipsIndia,2026-06-08T04:33:41+00:00,https://old.reddit.com/r/InternshipsIndia/comments/1tzxrmi/hiring_parttime_software_engineerstudents_remote/,2026-07-01,5,reddit
remote backend engineer,[Hiring] Remote Java Developer | Contract | $30–$80/hr | Spring / Backend,r/JavaProgramming,2026-06-09T13:26:05+00:00,https://old.reddit.com/r/JavaProgramming/comments/1u14ybp/hiring_remote_java_developer_contract_3080hr/,2026-07-01,5,reddit
remote backend engineer,[Hiring] [Remote] [US] Backend Software Engineer | $70–$80/hr,r/remotebackendjobs,2026-05-25T04:45:40+00:00,https://old.reddit.com/r/remotebackendjobs/comments/1tmynq1/hiring_remote_us_backend_software_engineer_7080hr/,2026-07-01,5,reddit
remote backend engineer,[Hiring] Backend Focused Full Stack Engineers - Full Remote - Requiring 2 devs.,r/FreelanceProgramming,2026-02-28T20:21:02+00:00,https://old.reddit.com/r/FreelanceProgramming/comments/1rhcwlr/hiring_backend_focused_full_stack_engineers_full/,2026-07-01,5,reddit
remote backend engineer,[Hiring] Remote Java Developer | Contract | $30–$80/hr | Java/Spring Backend,r/developers_hire,2026-06-09T13:44:43+00:00,https://old.reddit.com/r/developers_hire/comments/1u15f7r/hiring_remote_java_developer_contract_3080hr/,2026-07-01,5,reddit
remote backend engineer,[HIRING] Backend Engineer - No German required - Full Remote/Hybrid in Düsseldorf,r/Germany_Jobs,2026-05-07T07:08:06+00:00,https://old.reddit.com/r/Germany_Jobs/comments/1t631c1/hiring_backend_engineer_no_german_required_full/,2026-07-01,5,reddit
remote backend engineer,Data/ Backend engineer: Hyderabad vs Navi mumbai offer,r/developersIndia,2026-02-08T06:19:26+00:00,https://old.reddit.com/r/developersIndia/comments/1qz1g2k/data_backend_engineer_hyderabad_vs_navi_mumbai/,2026-07-01,5,reddit
remote backend engineer,"Hiring backend, frontend and data engineers",r/WebDeveloperJobs,2025-09-26T07:40:06+00:00,https://old.reddit.com/r/WebDeveloperJobs/comments/1nqv5rw/hiring_backend_frontend_and_data_engineers/,2026-07-01,5,reddit
remote backend engineer,[Hiring] Remote Java Developer | Contract | $30–$80/hr | Java/Spring Backend,r/DeveloperJobs,2026-06-09T13:47:53+00:00,https://old.reddit.com/r/DeveloperJobs/comments/1u15i0u/hiring_remote_java_developer_contract_3080hr/,2026-07-01,5,reddit
remote backend engineer,"[2 YoE, Software Engineer, junior Software Engineer, remote]",r/resumes,2026-06-13T17:39:43+00:00,https://old.reddit.com/r/resumes/comments/1u4x4cm/2_yoe_software_engineer_junior_software_engineer/,2026-07-01,5,reddit
remote backend engineer,[HIRING] AI Backend Engineer / Agentic Engineer | Remote | PAN India,r/DeveloperAIjobs,2026-05-23T07:57:44+00:00,https://old.reddit.com/r/DeveloperAIjobs/comments/1tla4s9/hiring_ai_backend_engineer_agentic_engineer/,2026-07-01,5,reddit
remote frontend engineer,"[Hiring] Looking for Frontend & Backend Engineers (100% Remote, US Time Zones, $3,000+/month)",r/developers_hire,2026-06-18T15:08:13+00:00,https://old.reddit.com/r/developers_hire/comments/1u98uj7/hiring_looking_for_frontend_backend_engineers_100/,2026-07-01,5,reddit
remote frontend engineer,"[Hiring] Frontend Engineer (Remote, Part-time) – $70–$80/hr",r/FreelanceProgramming,2026-02-07T00:19:07+00:00,https://old.reddit.com/r/FreelanceProgramming/comments/1qxyqov/hiring_frontend_engineer_remote_parttime_7080hr/,2026-07-01,5,reddit
remote frontend engineer,[HIRING] Remote Software Engineer,r/hiringpakistan,2026-06-14T22:31:19+00:00,https://old.reddit.com/r/hiringpakistan/comments/1u5yt40/hiring_remote_software_engineer/,2026-07-01,5,reddit
remote frontend engineer,Parqet sucht einen Backend Engineer (Full Remote),r/InformatikKarriere,2026-06-05T16:44:40+00:00,https://old.reddit.com/r/InformatikKarriere/comments/1txqc30/parqet_sucht_einen_backend_engineer_full_remote/,2026-07-01,5,reddit
remote frontend engineer,[Hiring] [Remote] [UK] - Software Engineers,r/techjobs,2026-05-13T19:17:33+00:00,https://old.reddit.com/r/techjobs/comments/1tc9sv1/hiring_remote_uk_software_engineers/,2026-07-01,5,reddit
remote frontend engineer,"itno: se baraat Frontend/nx engineer i marketing specialist (fully remote, IT firma)",r/mkd,2026-05-17T16:30:14+00:00,https://old.reddit.com/r/mkd/comments/1tfucjw/itno_se_baraat_frontendnx_engineer_i_marketing/,2026-07-01,5,reddit
remote frontend engineer,[Hiring] [Remote] [IN] - Software Engineer,r/techjobs,2025-09-13T07:21:13+00:00,https://old.reddit.com/r/techjobs/comments/1nfr6f4/hiring_remote_in_software_engineer/,2026-07-01,5,reddit
remote frontend engineer,"Hiring backend, frontend and data engineers",r/WebDeveloperJobs,2025-09-26T07:40:06+00:00,https://old.reddit.com/r/WebDeveloperJobs/comments/1nqv5rw/hiring_backend_frontend_and_data_engineers/,2026-07-01,5,reddit
remote frontend engineer,Hiring a remote AI Engineer,r/Bahawalpur,2026-06-24T15:17:52+00:00,https://old.reddit.com/r/Bahawalpur/comments/1uegf2x/hiring_a_remote_ai_engineer/,2026-07-01,5,reddit
remote frontend engineer,[Hiring] Electron.js Engineer (NOT a typical frontend role) – Remote ($150k–$220k),r/javascriptjobs,2026-05-06T13:49:46+00:00,https://old.reddit.com/r/javascriptjobs/comments/1t5dige/hiring_electronjs_engineer_not_a_typical_frontend/,2026-07-01,5,reddit
remote frontend engineer,(Remote + 80-150K USD) Hiring: AI Engineer & Founding Software Engineer for Telepatia,r/devsarg,2025-12-11T19:43:18+00:00,https://old.reddit.com/r/devsarg/comments/1pk6wxx/remote_80150k_usd_hiring_ai_engineer_founding/,2026-07-01,5,reddit
remote frontend engineer,[Help] Senior Frontend Engineer - Maaş beklentisi,r/CodingTR,2025-11-22T16:19:14+00:00,https://old.reddit.com/r/CodingTR/comments/1p3x713/help_senior_frontend_engineer_maa%C5%9F_beklentisi/,2026-07-01,5,reddit
remote frontend engineer,Role: Senior Frontend Engineer Salary: 100-150k USD,r/oneremotejobs,2025-10-22T12:38:03+00:00,https://old.reddit.com/r/oneremotejobs/comments/1od73o9/role_senior_frontend_engineer_salary_100150k_usd/,2026-07-01,5,reddit
remote frontend engineer,"[HIRING] Frontend React/Web3 Engineer [💰 $180,000 - 240,000 / year]",r/WebDeveloperJobs,2026-06-09T13:14:49+00:00,https://old.reddit.com/r/WebDeveloperJobs/comments/1u14o66/hiring_frontend_reactweb3_engineer_180000_240000/,2026-07-01,5,reddit
remote frontend engineer,"[7 YoE, Frontend Engineer, Mobile Engineer, Remote]",r/resumes,2026-03-06T17:21:55+00:00,https://old.reddit.com/r/resumes/comments/1rmk49o/7_yoe_frontend_engineer_mobile_engineer_remote/,2026-07-01,5,reddit
remote frontend engineer,"[5 YoE, Full Stack Engineer, Senior Frontend Engineer, Remote]",r/technepal,2026-05-03T21:09:55+00:00,https://old.reddit.com/r/technepal/comments/1t2xnvh/5_yoe_full_stack_engineer_senior_frontend/,2026-07-01,5,reddit
remote frontend engineer,"#hiring Frontend Engineer, up to $120/hour, part-time, full-time, #remote",r/WebDeveloperJobs,2026-05-01T22:01:52+00:00,https://old.reddit.com/r/WebDeveloperJobs/comments/1t17dm2/hiring_frontend_engineer_up_to_120hour_parttime/,2026-07-01,5,reddit
remote frontend engineer,[Hiring] Full-Stack / DevOps Engineer — Remote,r/Indiajobs,2026-06-16T17:33:46+00:00,https://old.reddit.com/r/Indiajobs/comments/1u7kace/hiring_fullstack_devops_engineer_remote/,2026-07-01,5,reddit
remote frontend engineer,NOW HIRING: Software Engineer (100% Remote),r/SoftwareEngineerJobs,2026-06-16T02:48:32+00:00,https://old.reddit.com/r/SoftwareEngineerJobs/comments/1u71f0u/now_hiring_software_engineer_100_remote/,2026-07-01,5,reddit
remote frontend engineer,[Hiring] [Remote] [Everywhere] - Female Software Engineer,r/techjobs,2026-01-21T08:14:17+00:00,https://old.reddit.com/r/techjobs/comments/1qis8yq/hiring_remote_everywhere_female_software_engineer/,2026-07-01,5,reddit
remote frontend engineer,2 YOE Frontend Engineer - Looking for honest resume feedback (No Interview Calls),r/jobsearchhacks,2026-06-27T12:24:48+00:00,https://old.reddit.com/r/jobsearchhacks/comments/1uh1fpr/2_yoe_frontend_engineer_looking_for_honest_resume/,2026-07-01,5,reddit
remote frontend engineer,"[15 YoE] Senior Frontend Engineer, US remote, targeting Senior roles at Series B to D product companies, getting silence",r/EngineeringResumes,2026-05-15T17:26:28+00:00,https://old.reddit.com/r/EngineeringResumes/comments/1te32e7/15_yoe_senior_frontend_engineer_us_remote/,2026-07-01,5,reddit
remote data analyst,"[Hiring] Data Analyst — Remote, Full-time (₹5LPA–7.5LPA). 0-3 years freshers welcome",r/IndiaJobsOpenings,2026-06-10T07:19:47+00:00,https://old.reddit.com/r/IndiaJobsOpenings/comments/1u1v29i/hiring_data_analyst_remote_fulltime_5lpa75lpa_03/,2026-07-01,5,reddit
remote data analyst,[Hiring] Data Analysts (Excel) - Remote | 40 Openings,r/remoteworking,2026-06-20T13:27:01+00:00,https://old.reddit.com/r/remoteworking/comments/1uawmgv/hiring_data_analysts_excel_remote_40_openings/,2026-07-01,5,reddit
remote data analyst,HIRING REMOTE DATA ANALYST ROLE,r/torontoJobs,2026-06-11T20:12:35+00:00,https://old.reddit.com/r/torontoJobs/comments/1u3a2ls/hiring_remote_data_analyst_role/,2026-07-01,5,reddit
remote data analyst,"Been a Data Analyst for 4.5+ years (remote, global clients) drop your questions below",r/analytics,2026-04-28T20:15:29+00:00,https://old.reddit.com/r/analytics/comments/1sycvwk/been_a_data_analyst_for_45_years_remote_global/,2026-07-01,5,reddit
remote data analyst,Remote Junior Data Analyst,r/dataanalysiscareers,2026-02-18T22:05:43+00:00,https://old.reddit.com/r/dataanalysiscareers/comments/1r8gwfh/remote_junior_data_analyst/,2026-07-01,5,reddit
remote data analyst,How hard is it to find a remote Data analyst job?,r/dataanalysiscareers,2025-07-10T22:16:32+00:00,https://old.reddit.com/r/dataanalysiscareers/comments/1lwpyan/how_hard_is_it_to_find_a_remote_data_analyst_job/,2026-07-01,5,reddit
remote data analyst,[Hiring] Data Analyst| Remote| 0-3 years freshers| Full-time (₹5LPA–7.5LPA)| Full Time,r/Indiajobs,2026-06-10T07:33:23+00:00,https://old.reddit.com/r/Indiajobs/comments/1u1vakf/hiring_data_analyst_remote_03_years_freshers/,2026-07-01,5,reddit
remote data analyst,Remote Data Jobs,r/Advice,2026-06-17T15:19:27+00:00,https://old.reddit.com/r/Advice/comments/1u8d4jy/remote_data_jobs/,2026-07-01,5,reddit
remote data analyst,Struggling to get Data Analyst Jobs,r/dataanalysiscareers,2026-06-12T16:54:42+00:00,https://old.reddit.com/r/dataanalysiscareers/comments/1u40xk2/struggling_to_get_data_analyst_jobs/,2026-07-01,5,reddit
remote data analyst,[HIRING] DATA ANALYST,r/PaidOnlineJobs,2026-06-17T08:21:11+00:00,https://old.reddit.com/r/PaidOnlineJobs/comments/1u848pv/hiring_data_analyst/,2026-07-01,5,reddit
remote data analyst,Whats your Data Analyst/Scientist/Engineer Salary?,r/datascience,2024-09-08T22:48:40+00:00,https://old.reddit.com/r/datascience/comments/1fcal01/whats_your_data_analystscientistengineer_salary/,2026-07-01,5,reddit
remote data analyst,"Finally, Got a 6 LPA remote Data Analyst job after 1.5 yrs of Gap year.",r/developersIndia,2024-04-05T10:19:00+00:00,https://old.reddit.com/r/developersIndia/comments/1bweia3/finally_got_a_6_lpa_remote_data_analyst_job_after/,2026-07-01,5,reddit
remote data analyst,"I posted for a Data Analyst, this is what you are competing against",r/datascience,2023-05-17T17:22:59+00:00,https://old.reddit.com/r/datascience/comments/13k8665/i_posted_for_a_data_analyst_this_is_what_you_are/,2026-07-01,5,reddit
remote data analyst,Hiring Data Analyst Intern (0 years) online Internship (Remote Location) after internship full time,r/IndiaJobsOpenings,2025-11-01T05:56:58+00:00,https://old.reddit.com/r/IndiaJobsOpenings/comments/1olgfke/hiring_data_analyst_intern_0_years_online/,2026-07-01,5,reddit
remote data analyst,Hiring Business Analyst (0-5 years) Remote Location,r/IndiaJobsOpenings,2025-10-28T07:16:32+00:00,https://old.reddit.com/r/IndiaJobsOpenings/comments/1oi2vpp/hiring_business_analyst_05_years_remote_location/,2026-07-01,5,reddit
remote data analyst,Anyone working as a Generative AI Data Analyst at Welocalize India?,r/Welocalize,2026-06-18T16:42:20+00:00,https://old.reddit.com/r/Welocalize/comments/1u9bdbm/anyone_working_as_a_generative_ai_data_analyst_at/,2026-07-01,5,reddit
remote data analyst,[Hiring] Can you analyze data? I don’t care about your degree. (Fresher Data Analyst),r/hiring,2026-04-09T07:48:03+00:00,https://old.reddit.com/r/hiring/comments/1sgj400/hiring_can_you_analyze_data_i_dont_care_about/,2026-07-01,5,reddit
remote data analyst,"[Hiring] (Remote) Junior Data Analyst, up to $1500/month",r/forhire,2025-04-27T00:52:02+00:00,https://old.reddit.com/r/forhire/comments/1k8rt7h/hiring_remote_junior_data_analyst_up_to_1500month/,2026-07-01,5,reddit
remote data analyst,Whats your Data Analyst Salary Progression?,r/dataanalysis,2023-06-01T18:09:43+00:00,https://old.reddit.com/r/dataanalysis/comments/13xou3k/whats_your_data_analyst_salary_progression/,2026-07-01,5,reddit
remote data analyst,Data Analyst Internship Opportunity for 2026 & Earlier Batches Looking for Feedback,r/InternshipsIndia,2026-06-13T14:13:37+00:00,https://old.reddit.com/r/InternshipsIndia/comments/1u4s1qn/data_analyst_internship_opportunity_for_2026/,2026-07-01,5,reddit
remote data analyst,Hiring Remote Data Analyst (Americas / Europe),r/dataengineeringjobs,2026-05-05T12:17:49+00:00,https://old.reddit.com/r/dataengineeringjobs/comments/1t4dr6b/hiring_remote_data_analyst_americas_europe/,2026-07-01,5,reddit
remote data analyst,Take your first step towards your career as a data analyst,r/dataanalysiscareers,2025-11-14T02:20:59+00:00,https://old.reddit.com/r/dataanalysiscareers/comments/1owkdf9/take_your_first_step_towards_your_career_as_a/,2026-07-01,5,reddit
remote machine learning,[D] The machine learning community has a toxicity problem,r/MachineLearning,2020-06-30T20:06:19+00:00,https://old.reddit.com/r/MachineLearning/comments/hiv3vf/d_the_machine_learning_community_has_a_toxicity/,2026-07-01,5,reddit
remote machine learning,[USA][Remote] Senior AI Software Engineer and Applied Machine Learning Engineer @ Allstate,r/cscareerquestions,2026-04-21T21:56:42+00:00,https://old.reddit.com/r/cscareerquestions/comments/1ss255d/usaremote_senior_ai_software_engineer_and_applied/,2026-07-01,5,reddit
remote machine learning,[Hiring] Machine Learning Engineers - Remote | $85 per hour,r/MachineLearningJobs,2026-06-16T08:42:41+00:00,https://old.reddit.com/r/MachineLearningJobs/comments/1u77v8d/hiring_machine_learning_engineers_remote_85_per/,2026-07-01,5,reddit
remote machine learning,Remote machine learning,r/immich,2026-04-11T13:40:28+00:00,https://old.reddit.com/r/immich/comments/1sijeli/remote_machine_learning/,2026-07-01,5,reddit
remote machine learning,"Hiring: Machine Learning Engineer (India, Remote – Contract)",r/IndiaJobsOpenings,2026-01-14T01:45:30+00:00,https://old.reddit.com/r/IndiaJobsOpenings/comments/1qca8lw/hiring_machine_learning_engineer_india_remote/,2026-07-01,5,reddit
remote machine learning,AI Professionals - Machine Learning Professionals $70-$100 hr remote,r/MLjobs,2026-06-16T20:32:02+00:00,https://old.reddit.com/r/MLjobs/comments/1u7paa2/ai_professionals_machine_learning_professionals/,2026-07-01,5,reddit
remote machine learning,New Machine Learning Study Group (Update),r/learnmachinelearning,2023-07-04T06:15:15+00:00,https://old.reddit.com/r/learnmachinelearning/comments/14q6sz1/new_machine_learning_study_group_update/,2026-07-01,5,reddit
remote machine learning,Machine Learning - Remote or RPi 4 local?,r/immich,2026-03-25T21:31:55+00:00,https://old.reddit.com/r/immich/comments/1s3o1rg/machine_learning_remote_or_rpi_4_local/,2026-07-01,5,reddit
remote machine learning,[Hiring] [Remote] [US] -Machine Learning Engineer ($160k-$190k),r/SoftwareEngineerJobs,2026-06-15T13:22:01+00:00,https://old.reddit.com/r/SoftwareEngineerJobs/comments/1u6gh5b/hiring_remote_us_machine_learning_engineer/,2026-07-01,5,reddit
remote machine learning,[Hiring] Remote Machine Learning Engineers - All Levels ($15k/mo potential),r/DataScienceJobs,2026-05-24T03:47:25+00:00,https://old.reddit.com/r/DataScienceJobs/comments/1tm134w/hiring_remote_machine_learning_engineers_all/,2026-07-01,5,reddit
remote machine learning,[HIRING] Remote Machine Learning Engineer,r/MLjobs,2026-06-17T08:43:23+00:00,https://old.reddit.com/r/MLjobs/comments/1u84lx4/hiring_remote_machine_learning_engineer/,2026-07-01,5,reddit
remote machine learning,"[Hiring] [Remote] [US] - Senior Machine Learning Engineer, AI Platform ($139k-$218k)",r/techjobs,2026-06-10T11:37:19+00:00,https://old.reddit.com/r/techjobs/comments/1u1znms/hiring_remote_us_senior_machine_learning_engineer/,2026-07-01,5,reddit
remote machine learning,[Hiring] [FullRemote] [US] 20 Machine Learning jobs,r/MachineLearningJobs,2026-06-18T20:03:07+00:00,https://old.reddit.com/r/MachineLearningJobs/comments/1u9gsv8/hiring_fullremote_us_20_machine_learning_jobs/,2026-07-01,5,reddit
remote machine learning,[Hiring] Senior Machine Learning Engineer - CloudX | Remote | Salary $150K - $300K,r/MachineLearningJobs,2026-06-11T21:49:03+00:00,https://old.reddit.com/r/MachineLearningJobs/comments/1u3cktr/hiring_senior_machine_learning_engineer_cloudx/,2026-07-01,5,reddit
remote machine learning,"[FOR HIRE] Python Backend Developer | AI/LLM Engineer | Machine Learning | Available for Remote Full-Time, Contract & Freelance Work",r/PaidOnlineJobs,2026-06-30T08:12:34+00:00,https://old.reddit.com/r/PaidOnlineJobs/comments/1ujj3yu/for_hire_python_backend_developer_aillm_engineer/,2026-07-01,5,reddit
remote machine learning,[FOR HIRE] Software Engineer / AI Engineer / Machine Learning Engineer | Remote Worldwide / India | $25–35 USD/hr or Full-Time,r/hiring,2026-06-30T08:11:01+00:00,https://old.reddit.com/r/hiring/comments/1ujj31n/for_hire_software_engineer_ai_engineer_machine/,2026-07-01,5,reddit
remote machine learning,Remote Full-Stack Developer | MERN & MEAN Stack | React | Angular | Node.js | Python | AI & Machine Learning,r/WebDeveloperJobs,2026-06-28T10:28:54+00:00,https://old.reddit.com/r/WebDeveloperJobs/comments/1uhtsx9/remote_fullstack_developer_mern_mean_stack_react/,2026-07-01,5,reddit
remote machine learning,"Remote Data & AI opportunity: Senior Machine Learning Engineer, Personalization, Music Understanding",r/remotearmy,2026-06-28T18:59:16+00:00,https://old.reddit.com/r/remotearmy/comments/1ui5kf0/remote_data_ai_opportunity_senior_machine/,2026-07-01,5,reddit
remote machine learning,[For Hire] Remote Full-Stack Developer | MERN & MEAN Stack | React | Angular | Node.js | Python | AI & Machine Learning,r/developers_hire,2026-06-28T10:43:58+00:00,https://old.reddit.com/r/developers_hire/comments/1uhu2fn/for_hire_remote_fullstack_developer_mern_mean/,2026-07-01,5,reddit
remote machine learning,Remote Full-Stack Developer | MERN & MEAN Stack | React | Angular | Node.js | Python | AI & Machine Learning,r/CodingJobs,2026-06-28T08:39:59+00:00,https://old.reddit.com/r/CodingJobs/comments/1uhrzch/remote_fullstack_developer_mern_mean_stack_react/,2026-07-01,5,reddit
remote machine learning,[Hiring] [Remote] [US] - Machine Learning Engineer ($160k-$190k),r/techjobs,2026-06-15T13:28:28+00:00,https://old.reddit.com/r/techjobs/comments/1u6gmv7/hiring_remote_us_machine_learning_engineer/,2026-07-01,5,reddit
remote machine learning,"Remote Job - Affirm - Manager, Machine Learning Engineering (Repayment & Recovery)",r/jobhuntify,2026-06-27T17:27:54+00:00,https://old.reddit.com/r/jobhuntify/comments/1uh8lk7/remote_job_affirm_manager_machine_learning/,2026-07-01,5,reddit
